claim_id,material_claim,maturity,theorem_or_lemma,proof_or_checker,finite_source_or_test,raw_result,figure_or_table,fresh_recheck,limitations
E1,Every node of a finite eager acyclic continuation fires exactly once and has a fixed free-algebra term.,proved,E1,proofs/theory.md,tests/test_terms_dbm.py; tests/test_residual.py,results/resource/tests.json,Paper Sec. 2,2026-09-15,Logical finite DAG only; no physical runtime progress claim.
F1,"The propagated cross origin/readiness rows are exact worst-case timestamp differences, and output age is their maximum over data lineage.",proved+finite-checked,F1,proofs/theory.md; ftypes/static.py; ftypes/kernel.py,"128 static cases; 41,748 schedules; 384 thresholds",results/static/summary.json,Static validation table,2026-09-15,Independent bounded delays and a bounded nonempty input domain.
F2,Exposed fixed segments compose by max-plus multiplication and uniform time rebasing preserves ages.,proved,F2,proofs/theory.md,matrix controls; rebasing unit tests,results/controls/summary.json,Paper Sec. 3,2026-09-15,"A standard max-plus baseline, not claimed as novel."
Z1,Feasible potentials certify nonempty difference zones and negative cycles certify emptiness.,proved+finite-checked,Z1,proofs/theory.md; ftypes/dbm.py,closure replay and infeasible-zone tests,results/resource/tests.json,Paper App. A,2026-09-15,Integer bounded difference constraints only.
Z2,A closed DBM cell has a feasible column potential that attains its exact bound.,proved+finite-checked,Z2,proofs/theory.md; ftypes/dbm.py,81 matrix instances; 324 cell witnesses,results/controls/summary.json,Paper Sec. 3 and App. A,2026-09-15,Single zone at a time; unions use an outer maximum.
C1,"For fixed clock-oblivious source-complete continuations, entrywise profile order is exactly the universal freshness contextual order.",proved,C1,proofs/theory.md,profile-separator controls,results/controls/summary.json,Paper Sec. 3,2026-09-15,Fails for timestamp-branching contexts; payload metadata must agree.
C2,"Any exact representation that answers every fixed-context threshold test on the declared n-port, n-origin bounded matrix family distinguishes all (K+1)^(n^2) profiles.",proved+finite-checked,C2,proofs/theory.md,all 81 bounded 2-by-2 matrices,results/controls/summary.json,Paper Sec. 3,2026-09-15,Information lower bound for exact representations under the stated threshold-test interface; not a lower bound for approximate or restricted-context abstractions.
C3,Opaque compound payloads quotient static fixed-context freshness by the per-port maximum of origin rows.,proved,C3,proofs/theory.md,opaque metadata groups,results/adaptive/summary.json,Paper Sec. 3,2026-09-15,Only contexts unable to destructure or inspect payload timestamps.
A1,Birth-blind controllers that observe readiness/events/receipts are ordered exactly by readiness-support inclusion and conditional oldest-birth envelopes.,proved+finite-checked,A1,proofs/theory.md; ftypes/adaptive.py,768 ordered comparisons; finite oracle,results/adaptive/summary.json,Paper Sec. 4,2026-09-15,General theorem assumes the declared observer language; code validates finite one-decision instances.
A2,"For one closed difference zone, conditional earliest source birth is a minimum of closed-row affine forms.",proved+finite-checked,A2,proofs/theory.md; ftypes/adaptive.py,"2,674 conditional-cell checks",results/adaptive/summary.json,Paper Sec. 4 and App. B,2026-09-15,Single bounded integer difference zone.
A3,Single-zone adaptive refinement is decidable exactly by readiness DBM inclusion plus a per-payload closed-row cover.,proved+finite-checked,A3,proofs/theory.md; ftypes/adaptive.py; ftypes/adaptive_kernel.py,319 accepts; 300 support rejects; 149 row-cover rejects,results/adaptive/summary.json,Paper Sec. 4,2026-09-15,No union-of-zones completeness claim; payloads are opaque free-algebra terms.
A4,"If controllers observe every source birth, exact state-set inclusion replaces the birth-blind envelope quotient.",proved,A4,proofs/theory.md,observer-class negative controls,results/controls/summary.json,Paper Sec. 4,2026-09-15,"Boundary theorem, not a recommendation to expose physical timestamps."
R1,The prefix checker characterizes valid observed event/receipt prefixes of the finite eager semantics.,proved+finite-checked,R1,proofs/theory.md; ftypes/residual.py,"1,225 distinct observed prefixes; invalid-prefix tests",results/cuts/summary.json,Paper Sec. 5,2026-09-15,Assumes an exact logical observation; does not implement distributed snapshot acquisition.
R3,Conditioning and residualization preserve the exact future event/receipt/output observation set without splitting a difference zone.,proved+finite-checked,R3,proofs/theory.md; ftypes/residual.py,"9,308 prefix visits and 9,308 residual assignments; 1,225 distinct prefixes",results/cuts/summary.json,Paper Sec. 5,2026-09-15,Independent bounded edge delays; one boundary port per crossing message.
O1,Receipt-blind exact representation of a particular n-join cut by unions of difference zones needs exactly 2^n zones.,proved,O1,proofs/theory.md,receipt-omission negative control,results/controls/summary.json,Paper Sec. 5 and App. C,2026-09-15,"Lower bound is for unions of DBM zones, not arbitrary symbolic domains."
U1,A finite sequence of admitted logical updates preserves key terms and freshness deadlines and eventually emits all remaining keys after the last update.,proved,U1,proofs/theory.md,admission and residual mutation tests,results/resource/tests.json,Paper Sec. 6,2026-09-15,Atomic logical installation; no mutable-state ownership or infinite-update guarantee.
V1,"The four deterministic validation campaigns and 43-test suite have zero producer/replay/oracle discrepancies, and scientific outputs are stable across three distinct Python hash seeds.",measured+reproduced,,reproduce.py; make_paper_data.py,43 tests; four complete campaign selections; three distinct PYTHONHASHSEED clean reruns,results/resource-use.json; results/resource/tests.json,Paper Sec. 7,2026-09-15,"Finite bounded model validation; not real-system performance, independent implementation, or machine-checked metatheory."
