category,title,authors,venue,year,doi_or_url,read_status,passages_or_sections_used,comparison_role,calibration_pattern,notes
origin,"A Tour of Gallifrey, a Language for Geodistributed Programming","Mae Milano; Rolph Recto; Tom Magrino; Andrew C. Myers",SNAPL,2019,https://doi.org/10.4230/LIPIcs.SNAPL.2019.11,full-paper,"abstract; Sections 2--7; conclusion","historical origin","problem-first language tour; examples before mechanisms; explicit future-work boundary","The conclusion presents formalization and implementation as future work; no formal theorem is inherited."
toplas,"Rate-Based Session Types for IoT Systems","Grant Iraci; Cheng-En Chuang; Raymond Hu; Lukasz Ziarek",TOPLAS,2025,https://doi.org/10.1145/3754449,full-paper-html,"calculus; periodic recursion; rate compatibility; preservation; Rust embedding; examples","closest timed type-system comparator","calculus--metatheory--decidable relation--prototype--application narrative; 39 pages; figures connect types to deployed examples","Rate compatibility and periodic behavior differ from source-generation age and finite cut residualization."
toplas,"Fair Termination of Asynchronous Binary Sessions","Luca Padovani; Gianluigi Zavattaro",TOPLAS,2026,https://doi.org/10.1145/3803862,full-paper-html,"process calculus; fair runs; asynchronous subtyping; type system; light decidable variant; appendices","liveness comparator","problem--semantic property--subtyping--typing--decidable fragment--examples; 52 pages; proof appendices","General session liveness and orphan-message freedom are stronger/different than finite DAG completion."
toplas,"Choral: Object-Oriented Choreographic Programming","Saverio Giallorenzo; Fabrizio Montesi; Marco Peressotti",TOPLAS,2024,https://doi.org/10.1145/3632398,full-author-version,"language design; projection; type system; higher-order choreographies; implementation/evaluation","distributed language comparator","language abstractions--formal projection--compiler--case studies; 59 pages; overview and code figures","Demonstrates venue expectation for a source language and implementation; this article intentionally remains a finite semantic calculus."
toplas,"Capturing Types","Aleksander Boruch-Gruszecki; Martin Odersky; Edward Lee; Ondrej Lhotak; Jonathan Immanuel Brachthaeuser",TOPLAS,2023,https://doi.org/10.1145/3618003,full-author-version,"capture calculus; subtyping; soundness; examples; Scala implementation connection","type-abstraction comparator","one missing static fact motivates a compact type; formal core; practical language path; 52 pages","Useful narrative comparator: preserve exactly the observation needed, but the properties and domains differ."
toplas,"Session Coalgebras: A Coalgebraic View on Regular and Context-Free Session Types","Henning Basold; Alex C. Keizer; Jorge A. Perez",TOPLAS,2022,https://doi.org/10.1145/3527633,full-publisher-version,"coalgebraic semantics; equivalence; duality; subtyping; rational fixed point; context-free extension","session abstraction comparator","semantic reframing--decision procedures--agreement with existing system--expressiveness extension; 45 pages","Reinforces need to state exactly which contextual equivalence an interface represents."
toplas,"Bounded Verification of Multi-threaded Programs via Lazy Sequentialization","Omar Inverso; Ermenegildo Tomasco; Bernd Fischer; Salvatore La Torre; Gennaro Parlato",TOPLAS,2022,https://doi.org/10.1145/3478536,full-paper-html,"bounded semantics; sequentialization; correctness; implementation; SV-COMP evaluation","finite-validation methodology comparator","translation correctness--tool architecture--broad benchmark evaluation--limitations; 50 pages","Supports separating a bounded oracle from a general theorem and reporting resource bounds and failures."
toplas,"Semantic Correctness of Dependence-based Slicing for Interprocedural, Possibly Nonterminating Programs","Abu Naser Masud; Bjorn Lisper",TOPLAS,2021,https://doi.org/10.1145/3434489,full-paper,"semantic slicing criteria; interprocedural model; nontermination; correctness proofs","semantic-preservation comparator","formal property--multiple semantics--proof architecture--worked examples; 56 pages","A calibration example for keeping semantic correspondence arguments in the paper rather than only in tooling."
toplas,"Failure Recovery in Resilient X10","David Grove; Sara S. Hamouda; Benjamin Herta; Arun Iyengar; Kiyokuni Kawachiya; Josh Milthorpe; Vijay Saraswat; Avraham Shinnar; Mikio Takeuchi; Olivier Tardieu",TOPLAS,2019,https://doi.org/10.1145/3332372,full-paper,"failure semantics; recoverable/catastrophic distinction; runtime/library design; application evaluation","reconfiguration systems comparator","semantic distinction--runtime mechanism--large applications--overhead; 30 pages","Shows what a production recovery claim requires; none is made here."
toplas,"SPL: An Extensible Language for Distributed Stream Processing","Martin Hirzel; Scott Schneider; Bugra Gedik",TOPLAS,2017,https://doi.org/10.1145/3039207,full-paper,"language model; operator graph; extensibility; distributed runtime; use cases","stream-language comparator","language and runtime co-design--extension mechanism--industrial examples; 39 pages","Provides stream-language context but not an observer-relative generation-age refinement theorem."
toplas,"From Clarity to Efficiency for Distributed Algorithms","Yanhong A. Liu; Scott D. Stoller; Bo Lin",TOPLAS,2017,https://doi.org/10.1145/2994595,full-paper-html,"DistAlgo semantics; query incrementalization; compiler; distributed algorithms","distributed language and optimization comparator","high-level problem--formal transformation--implementation--case studies; 41 pages","Calibrates the practical connection expected for a language contribution."
toplas,"Proof-Directed Parallelization Synthesis by Separation Logic","Matko Botincan; Mike Dodds; Suresh Jagannathan",TOPLAS,2013,https://doi.org/10.1145/2491522.2491525,full-paper-html,"proof-directed dependence discovery; synchronization insertion; preservation; examples","certificate-guided transformation comparator","specification--algorithm--preservation--prototype/examples--electronic appendix; 60 pages","Related at the level of replayable proof evidence, not timing semantics."
toplas,"Program Transformations Using Temporal Logic Side Conditions","Sara Kalvala; Richard Warburton; David Lacey",TOPLAS,2009,https://doi.org/10.1145/1516507.1516509,full-author-version,"transformation language; temporal side conditions; strategies; case study","verified transformation comparator","logic--transformation rules--strategy abstraction--case study; 48 pages","Calibrates presentation of a trusted checker boundary and transformation side conditions."
toplas,"A Deterministic Logical Semantics for Pure Esterel","Olivier Tardieu",TOPLAS,2007,https://doi.org/10.1145/1216374.1216376,full-paper,"logical semantics; causality; determinism; constructive programs; correspondence","synchronous determinism comparator","semantic pathology--logical model--determinism theorem--language correspondence","Highlights that a numeric fixed point is not by itself an executable causality argument."
adjacent,"Flo: A Semantic Foundation for Progressive Stream Processing","Shadaj Laddad; Alvin Cheung; Joseph M. Hellerstein; Mae Milano",POPL/PACMPL,2025,https://doi.org/10.1145/3704845,full-paper,"stream semantics; determinism; streaming progress; composition; implementation/evaluation","stream-semantics baseline","semantic foundation--progress theorem--examples and evaluation","Determinism and progressive streaming are prior; the present delta is observer-relative age information at finite cuts."
adjacent,"Stream Types","Joseph W. Cutler; Christopher Watson; Emeka Nkurumeh; Phillip Hilliard; Harrison Goldstein; Caleb Stanford; Benjamin C. Pierce",PLDI/PACMPL,2024,https://doi.org/10.1145/3656434,full-paper,"stream-shape types; operators; progress/productivity; examples; implementation","stream typing baseline","motivating stream errors--type language--metatheory--implementation/evaluation","Tracks stream structure rather than birth-to-readiness timing envelopes."
adjacent,"CAMP: Cost-Aware Multiparty Session Protocols","David Castro-Perez; Nobuko Yoshida",OOPSLA/PACMPL,2020,https://doi.org/10.1145/3428223,full-paper,"cost equations; protocol projection; bounded-cost soundness; implementation/evaluation","cost-aware protocol baseline","cost annotations--type/equation generation--soundness--tooling/evaluation","Establishes that cost recurrence and protocol-indexed quantitative analysis are prior art."
adjacent,"Dynamically Updatable Multiparty Session Protocols: Generating Concurrent Go Code from Unbounded Protocols","David Castro-Perez; Nobuko Yoshida",ECOOP,2023,https://doi.org/10.4230/LIPIcs.ECOOP.2023.6,full-paper,"dynamic participant/update semantics; safety; liveness; Go generation; examples","typed dynamic-update baseline","calculus--update discipline--metatheory--code generation","Handles protocol evolution and unbounded protocols, not origin-preserving quantitative cut types."
adjacent,"Semantic Logical Relations for Timed Message-Passing Protocols","Yue Yao; Grant Iraci; Cheng-En Chuang; Stephanie Balzer; Lukasz Ziarek",POPL/PACMPL,2025,https://doi.org/10.1145/3704895,full-paper,"timed protocol semantics; logical relation; adequacy; examples","timed protocol verification baseline","timed calculus--semantic model--logical relation--examples","Verifies protocol-timing compliance; does not characterize observer-relative freshness interface inclusion."
adjacent,"The Earlier the Better: A Theory of Timed Actor Interfaces","Luca de Alfaro; Thomas A. Henzinger; Mariëlle Stoelinga",HSCC,2011,https://doi.org/10.1145/1967701.1967707,full-paper,"timed actor interfaces; refinement; composition; quantitative order","closest timing-interface baseline","interface semantics--refinement--composition--algorithms","Makes clear that monotone timing interfaces and earlier-is-better refinement are not new here."
adjacent,"An Algebra of Synchronous Scheduling Interfaces","Michael Mendler",EPTCS,2011,https://doi.org/10.4204/EPTCS.46.3,full-paper,"scheduling interfaces; min/max/plus algebra; refinement; composition","closest scheduling-interface baseline","algebraic interface--laws--examples","The fixed-profile max-plus layer is treated as a baseline."
adjacent,"Megaphone: Latency-Conscious State Migration for Distributed Streaming Dataflows","Moritz Hoffmann; Andrea Lattuada; Frank McSherry; Vasiliki Kalavri; John Liagouris; Timothy Roscoe",PVLDB,2019,https://doi.org/10.14778/3329772.3329777,full-paper,"state migration protocol; frontiers; implementation; experiments","physical migration baseline","systems problem--migration mechanism--implementation--latency evaluation","Shows that logical residualization is not a state-migration implementation or latency result."
influential,"A Theory of Timed Automata","Rajeev Alur; David L. Dill",Theoretical Computer Science,1994,https://doi.org/10.1016/0304-3975(94)90010-8,full-paper,"clock constraints; regions; decidability; timed languages","foundational timed semantics","formal model--region abstraction--decision results","Selected for field-forming influence; no award claim."
influential,"Timing Assumptions and Verification of Finite-State Concurrent Systems","David L. Dill",Automatic Verification Methods for Finite State Systems,1989,https://doi.org/10.1007/3-540-52148-8_17,full-paper,"difference constraints; timing assumptions; verification representation","difference-bound foundation","constraint representation--closure--verification","Selected for the difference-bound lineage; no award claim."
influential,"Types for Dyadic Interaction","Kohei Honda",CONCUR,1993,https://doi.org/10.1007/3-540-57208-2_35,full-paper,"session discipline; interaction typing; safety","session-type foundation","calculus--typing--safety","Selected for foundational influence; no award claim."
influential,"Multiparty Asynchronous Session Types","Kohei Honda; Nobuko Yoshida; Marco Carbone",POPL,2008,https://doi.org/10.1145/1328438.1328472,full-paper,"global/local types; projection; communication safety; progress","multiparty-session foundation","global protocol--projection--metatheory--examples","Selected for foundational influence; no award claim."
influential,"Real-Time Status: How Often Should One Update?","Sanjit Kaul; Roy Yates; Marco Gruteser",INFOCOM,2012,https://doi.org/10.1109/INFCOM.2012.6195689,full-paper,"age-of-information metric; update policies; queueing analysis","freshness-metric foundation","metric--stochastic analysis--policy conclusions","Age of information is adjacent motivation; this article studies deterministic emission age under bounded sets."
